{
    "array": [
        {
            "user": "Kamil",
            "wakeup": [
                "09/07/2025 09:35:00",
                "10/07/2025 09:55:00",
                "11/07/2025 10:03:00",
                "12/07/2025 08:20:00",
                "13/07/2025 10:30:00",
                "14/07/2025 10:00:00",
                "15/07/2025 09:50:00",
                "16/07/2025 09:37:00",
                "17/07/2025 09:30:00",
                "18/07/2025 08:00:00",
                "19/07/2025 08:55:00",
                "20/07/2025 10:40:00",
                "21/07/2025 10:35:00",
                "22/07/2025 10:50:00",
                "23/07/2025 10:00:00",
                "24/07/2025 10:00:00",
                "25/07/2025 09:30:00",
                "26/07/2025 10:00:00",
                "27/07/2025 10:05:00",
                "28/07/2025 10:01:00",
                "29/07/2025 09:40:00",
                "30/07/2025 09:00:00",
                "31/07/2025 09:30:00",
                "01/08/2025 10:10:00",
                "02/08/2025 09:18:00",
                "03/08/2025 10:12:00",
                "04/08/2025 10:00:00",
                "05/08/2025 10:10:00",
                "06/08/2025 10:52:00"
            ],
            "sleeptime": [
                "09/07/2025 00:33:00",
                "10/07/2025 00:42:00",
                "11/07/2025 01:00:00",
                "12/07/2025 00:10:00",
                "13/07/2025 01:10:00",
                "14/07/2025 01:20:00",
                "15/07/2025 01:30:00",
                "16/07/2025 01:30:00",
                "17/07/2025 00:35:00",
                "18/07/2025 01:40:00",
                "19/07/2025 01:20:00",
                "20/07/2025 00:40:00",
                "21/07/2025 00:40:00",
                "22/07/2025 01:50:00",
                "23/07/2025 00:30:00",
                "24/07/2025 01:30:00",
                "25/07/2025 01:50:00",
                "26/07/2025 00:50:00",
                "27/07/2025 01:15:00",
                "28/07/2025 00:30:00",
                "29/07/2025 01:25:00",
                "30/07/2025 01:00:00",
                "31/07/2025 01:40:00",
                "01/08/2025 01:50:00",
                "02/08/2025 00:50:00",
                "03/08/2025 03:10:00",
                "04/08/2025 01:30:00",
                "05/08/2025 01:00:00",
                "06/08/2025 01:02:00"
            ]
        },
        {
            "user": "Firek",
            "wakeup": [
                "10/07/2025 08:00:00",
                "11/07/2025 06:30:00",
                "12/07/2025 11:30:00",
                "13/07/2025 13:30:00",
                "14/07/2025 08:40:00",
                "15/07/2025 10:05:00",
                "16/07/2025 09:41:00",
                "17/07/2025 11:00:00",
                "18/07/2025 13:30:00",
                "19/07/2025 11:00:00",
                "20/07/2025 14:30:00",
                "21/07/2025 01:45:00",
                "22/07/2025 09:40:00",
                "23/07/2025 10:00:00",
                "24/07/2025 11:30:00",
                "25/07/2025 11:00:00",
                "26/07/2025 11:30:00",
                "27/07/2025 09:30:00",
                "28/07/2025 12:00:00",
                "29/07/2025 13:30:00",
                "30/07/2025 12:30:00",
                "31/07/2025 09:15:00",
                "01/08/2025 11:00:00",
                "02/08/2025 13:00:00",
                "03/08/2025 13:30:00",
                "04/08/2025 12:00:00",
                "05/08/2025 05:45:00",
                "06/08/2025 13:00:00"
            ],
            "sleeptime": [
                "09/07/2025 03:00:00",
                "10/07/2025 01:30:00",
                "11/07/2025 00:30:00",
                "12/07/2025 03:30:00",
                "13/07/2025 05:00:00",
                "14/07/2025 02:00:00",
                "15/07/2025 05:15:00",
                "16/07/2025 03:30:00",
                "17/07/2025 03:00:00",
                "18/7/2025 04:30:00",
                "19/07/2025 03:00:00",
                "20/07/2025 02:45:00",
                "21/07/2025 01:45:00",
                "21/07/2025 22:50:00",
                "23/07/2025 02:45:00",
                "24/07/2025 02:30:00",
                "25/07/2025 04:00:00",
                "26/07/2025 03:45:00",
                "27/07/2025 03:15:00",
                "28/07/2025 02:30:00",
                "29/07/2025 04:00:00",
                "30/07/2025 04:00:00",
                "31/07/2025 03:00:00",
                "01/08/2025 04:00:00",
                "02/08/2025 05:00:00",
                "03/08/2025 06:40:00",
                "04/08/2025 04:15:00",
                "04/08/2025 20:30:00",
                "06/08/2025 04:15:00"
            ]
        },
        {
            "user": "Krwawnik",
            "wakeup": [
                "17/07/2025 11:00:00",
                "18/07/2025 12:00:00",
                "19/07/2025 11:30:00",
                "20/07/2025 09:30:00",
                "21/07/2025 10:30:00",
                "22/07/2025 11:40:00",
                "23/07/2025 13:15:00",
                "25/07/2025 11:50:00",
                "30/07/2025 08:00:00",
                "31/07/2025 13:50:00",
                "01/08/2025 13:40:00",
                "02/08/2025 10:00:00",
                "03/08/2025 15:00:00",
                "04/08/2025 13:40:00",
                "05/08/2025 14:20:00",
                "06/08/2025 13:20:00"
            ],
            "sleeptime": [
                "17/7/2025 03:30:00",
                "18/07/2025 04:30:00",
                "19/07/2025 02:20:00",
                "20/07/2025 03:30:00",
                "21/07/2025 03:00:00",
                "22/07/2025 03:30:00",
                "23/07/2025 03:20:00",
                "25/07/2025 04:10:00",
                "30/07/2025 02:10:00",
                "31/07/2025 03:10:00",
                "01/08/2025 03:20:00",
                "02/08/2025 03:20:00",
                "03/08/2025 03:20:00",
                "04/08/2025 03:40:00",
                "05/08/2025 03:20:00",
                "06/08/2025 03:40:00"
            ]
        },
        {
            "user": "Żółw",
            "wakeup": [
                "17/07/2025 10:00:00",
                "18/07/2025 09:03:00",
                "19/07/2025 04:20:00",
                "20/07/2025 09:18:00",
                "21/07/2025 08:55:00",
                "22/07/2025 07:00:00",
                "23/07/2025 09:10:00",
                "24/07/2025 09:00:00",
                "25/07/2025 09:30:00",
                "26/07/2025 09:50:00",
                "27/07/2025 09:40:00",
                "28/07/2025 10:00:00",
                "29/07/2025 09:50:00",
                "30/07/2025 09:15:00",
                "31/07/2025 03:30:00",
                "01/08/2025 12:30:00",
                "02/08/2025 09:50:00",
                "03/08/2025 09:00:00",
                "04/08/2025 10:00:00"
            ],
            "sleeptime": [
                "17/07/2025 00:30:00",
                "18/07/2025 00:36:00",
                "18/07/2025 23:07:00",
                "19/07/2025 22:50:00",
                "20/07/2025 23:15:00",
                "21/07/2025 22:50:00",
                "23/07/2025 00:10:00",
                "23/07/2025 23:15:00",
                "25/07/2025 00:10:00",
                "25/07/2025 23:00:00",
                "26/07/2025 23:40:00",
                "27/07/2025 23:50:00",
                "29/07/2025 00:10:00",
                "29/07/2025 23:20:00",
                "30/07/2025 23:10:00",
                "01/08/2025 00:50:00",
                "02/08/2025 01:20:00",
                "03/08/2025 00:30:00",
                "04/08/2025 00:50:00",
                "05/08/2025 00:50:00"
            ]
        },
        {
            "user": "Filip Duży",
            "wakeup": [
                "25/07/2025 08:10:00",
                "03/08/2025 18:10:00"
            ],
            "sleeptime": [
                "25/07/2025 03:05:00",
                "03/08/2025 14:20:00"
            ]
        }
    ]
}